{
  "input_size": 8,
  "hidden_size": 10,
  "seed": 19,
  "wx": [
    [
      -0.14887495190375627,
      0.37412047005245563,
      0.16162190793165881,
      0.047093006505293314,
      0.012631737206055897,
      0.4185167147695118,
      -0.010107187231171814,
      -0.48132566848538644
    ],
    [
      0.1551916907691754,
      -0.3729402924958683,
      -0.22349640741456142,
      -0.1501487767933279,
      -0.2397065372210541,
      -0.2752459982811992,
      -0.14820978375307395,
      0.4374340209424827
    ],
    [
      0.07117517097891973,
      -0.4270824999406404,
      -0.28466571468044816,
      -0.013557550255516,
      -0.11192243582396058,
      -0.039728401480331445,
      0.06364376241250341,
      0.2474188015154065
    ],
    [
      -0.07920213541856212,
      -0.03330094477390073,
      0.004199051803355318,
      -0.08418866374067627,
      0.03204607713597068,
      -0.2036838725888451,
      0.11140980227078852,
      0.23935559941993917
    ],
    [
      0.28696412982254543,
      0.08214873157975679,
      -0.2413570839579024,
      -0.004407974787200316,
      0.0692785787580992,
      0.04528752085437125,
      -0.12028775648111452,
      0.002844543623087808
    ],
    [
      0.2616212312362678,
      -0.37178268189891095,
      -0.000236604261371334,
      -0.2681219652536275,
      -0.06125826381122372,
      -0.1406382617936381,
      -0.20182571004912828,
      0.29877800656065195
    ],
    [
      -0.060680135937795414,
      -0.014692051348648321,
      0.22476393754263424,
      0.18807573606283978,
      0.20821236813254726,
      -0.08920247683097199,
      -0.22834485221355855,
      -0.14765127753978807
    ],
    [
      -0.4645526380660779,
      0.36416008949053635,
      0.06766538921792985,
      -0.1356191256684289,
      -0.02897268436030782,
      0.1449727390675613,
      0.19626961798395862,
      -0.3904686219777993
    ],
    [
      -0.25886063638144535,
      0.24555556593423422,
      -0.12375894711215396,
      -0.11475908668116623,
      0.13154749200921503,
      0.2395184230777748,
      -0.13637799089569572,
      -0.37961838848492485
    ],
    [
      0.14897631759752683,
      -0.05570224039599817,
      -0.3114971527077998,
      -0.056241461969666805,
      -0.13869230568878677,
      -0.30578254361226936,
      -0.1857401800540095,
      0.14486488689094648
    ]
  ],
  "wh": [
    [
      0.2464879289072807,
      -0.43421295392186104,
      -0.09827997646382752,
      0.026556431669453772,
      -0.020946178383802853,
      -0.38412378766938743,
      0.08435917251270476,
      0.2779584206233645,
      0.021856939129055442,
      -0.2258733848607345
    ],
    [
      -0.19040890851273676,
      0.43677405726548774,
      0.2641470193498326,
      0.11852404773409525,
      0.0814199571048869,
      0.37016261094772807,
      -0.1285036674498239,
      -0.20862962006603242,
      -0.35134271744121837,
      0.24988517165485502
    ],
    [
      -0.1924199677953578,
      0.17874803611405593,
      0.031075541531092175,
      0.11596202513478981,
      0.18209455382445694,
      0.09206077459160258,
      -0.09473287197332109,
      -0.2191146688129161,
      -0.2764071260853959,
      0.3225535795786787
    ],
    [
      -0.0839879980489634,
      0.3499231215228773,
      0.16526214619380708,
      0.1434477879488809,
      0.00901703566502698,
      0.15985918304659405,
      -0.04462707749984961,
      -0.15825580711278353,
      -0.27991325523757266,
      0.2698031669934956
    ],
    [
      -0.30767176706445404,
      0.19292833780858037,
      0.26779001267535485,
      0.0896027862695342,
      0.2109293386859242,
      0.08223390279374489,
      -0.03917221112683948,
      -0.20791839629490433,
      -0.20319463670512658,
      0.09925919857558081
    ],
    [
      -0.23380680753785268,
      0.36765887359333654,
      0.2834947211286464,
      -0.04767402584141179,
      0.13141186931676402,
      0.19872080089011204,
      -0.059134191980184075,
      -0.3624003293534288,
      -0.22247027708916275,
      0.07725746044661154
    ],
    [
      0.02083927277012128,
      -0.04245544493220501,
      -0.09113281658078741,
      -0.11130246174277074,
      -0.11386467027281653,
      0.10921677121341293,
      -0.026792941912188912,
      0.23634598097391946,
      -0.06176431181010056,
      0.00758432796782861
    ],
    [
      0.3071437921840786,
      -0.25489073908794785,
      -0.14589747788765733,
      0.018141059707247425,
      -0.057860600066051066,
      -0.416310130711673,
      0.10118260020431734,
      0.2927610723443714,
      0.12692233942664166,
      -0.12209511560787567
    ],
    [
      0.3045101105358702,
      -0.2891317319276686,
      -0.24267862919002445,
      -0.16234781595826056,
      -0.052721075143610775,
      -0.1916682969718274,
      -0.13318998451824854,
      0.15861686017487472,
      0.1612622091573052,
      -0.11244937684616034
    ],
    [
      -0.24874623414807442,
      0.3264649370867502,
      0.17834239243266692,
      0.012183702702678479,
      0.02286179817998269,
      0.3295612333097386,
      -0.12918643786974152,
      -0.2010813713299918,
      -0.22853198405696779,
      0.1697889896046236
    ]
  ],
  "bh": [
    -0.10600730684885465,
    0.18104141547988065,
    0.1084454797247332,
    -0.06148543298538481,
    0.05717424764374851,
    0.1639988395107418,
    -0.04647886704312036,
    -0.14818573852453118,
    -0.02777267738542721,
    0.13247057739301132
  ],
  "wy": [
    1.1914948264388683,
    -1.3921494480433114,
    -0.8437124310977604,
    -0.7390534019407491,
    -0.7397613128849387,
    -0.9908834357787999,
    0.1270511189424056,
    1.1579482029111487,
    0.7465427848268008,
    -0.9300608995571455
  ],
  "by": -0.025954272976674086,
  "training_summary": {
    "epochs": 30,
    "samples": 384,
    "final_loss": 0.0002,
    "training_accuracy": 1.0,
    "evaluation": {
      "threshold": 0.5,
      "samples": 96,
      "accuracy": 1.0,
      "precision": 1.0,
      "recall": 1.0,
      "f1": 1.0,
      "avg_confidence": 0.99,
      "confusion": {
        "tp": 45,
        "tn": 51,
        "fp": 0,
        "fn": 0
      }
    }
  }
}